{
    "metadata": {
        "name": "configure rule elf.contains_abc_allow_benign suex with relevant action",
        "osType": 4,
        "profileType": 4
    },
    "data": {
        "condition": "true",
        "rules": {
			"YaraRuleOverrides":[
                {
					"action": "add",
					"settings": [{
						"item": {
							"key": "action",
							"value": {
								"string_value": "allow"
							}
						},
						"rule_id": "elf.contains_abc_allow_benign"				
					}
					]
				}		    	 
		    ]
		}
	}
}






