{
    "data": {
        "condition": "true",
        "overrides": [
            {
                "action": "set",
                "settings": {
                    "LinuxLocalAnalysisNGConfig": {
                        "unknown_hashes": ["222ada74f7bcb1b198577751a8b63720d26de4f4cadb0f649f23ff274b4f1ce5"],
                        "update_user_config": true
                    }
                }
            }
        ]
    },
    "metadata": {
        "name": "Unknown_tester",
        "osType": 4,
        "profileType": 2
    }
}
