{
    "data": {
        "condition": "true",
        "overrides": [
            {
                "action": "set",
                "settings": {
                    "LinuxLocalAnalysisNGConfig": {
                        "benign_hashes": ["72e2eb544fa4a2d6a81d054b9ef2552d9aeb467ae5c2789e379c3ff01b4a2ecb"],
                        "update_user_config": true
                    }
                }
            }
        ]
    },
    "metadata": {
        "name": "Benign_tester",
        "osType": 4,
        "profileType": 2
    }
}
