{
    "data": {
        "condition": "true",
        "overrides": [
            {
                "action": "set",
                "settings": {
                    "LinuxLocalAnalysisNGConfig": {
                        "silent_hashes": [
                            "96ed3e1de4ce8b2a9fd9e5042ced4c182a83413372eb137f509f37261ffd00dc "
                        ],
                        "update_user_config": true
                    }
                }
            }
        ]
    },
    "metadata": {
        "name": "Silent_tester",
        "osType": 4,
        "profileType": 2
    }
}