{
    "data": {
        "condition": "true",
        "overrides": [
            {
                "action": "set",
                "settings": {
                    "LinuxLocalAnalysisNGConfig": {
                        "malicious_hashes": [
                            "8c3b23f4d2dde2c0afb7e4e4ede5e64417973611a2d7a1a03ea5daadb52c7019"
                        ],
                        "update_user_config": true
                    }
                }
            }
        ]
    },
    "metadata": {
        "name": "Malicious_tester",
        "osType": 4,
        "profileType": 2
    }
}