{
  "data": {
    "condition": "true",
    "overrides": [
      {
        "action": "add_raw",
        "settings": {
          "StaticPatternMatchingUserConfig": {
            "rule_overrides": [
              [
                {
                  "rule_id": "elf.sanity_contains_abc_allow_benign",
                  "item": {
                    "key": "action",
                    "value": {
                      "string_value": "allow"
                    }
                  }
                },
                {
                  "rule_id": "elf.sanity_contains_abc_allow_silent",
                  "item": {
                    "key": "action",
                    "value": {
                      "string_value": "silent"
                    }
                  }
                },
                {
                  "rule_id": "elf.sanity_contains_abc_block_block",
                  "item": {
                    "key": "action",
                    "value": {
                      "string_value": "block"
                    }
                  }
                },
                {
                  "rule_id": "elf.sanity_contains_abc_block_inform",
                  "item": {
                    "key": "action",
                    "value": {
                      "string_value": "inform"
                    }
                  }
                },
                {
                  "rule_id": "elf.sanity_contains_abc_block_silent",
                  "item": {
                    "key": "action",
                    "value": {
                      "string_value": "silent"
                    }
                  }
                }
              ]
            ]
          }
        }
      }
    ]
  },
  "metadata": {
    "name": "AWTTR-16259: Enable Yara linux ELF sanity rules SUEX",
    "osType": 4,
    "profileType": 2
  }
}